INSERT INTO `maidai`.`pessoas` (`nome`, `telefone`, `email`, `created_at`, `updated_at`, `tipos_pessoa_id`) VALUES ('João Silva', '(55) 9876-5432', 'joao.silva45@example.com', NOW(6), NOW(6), 1);
INSERT INTO `maidai`.`pessoas` (`nome`, `telefone`, `email`, `created_at`, `updated_at`, `tipos_pessoa_id`) VALUES ('Maria Santos', '(55) 9234-5678', 'maria.santos67@example.com', NOW(6), NULL, 2);
INSERT INTO `maidai`.`pessoas` (`nome`, `telefone`, `email`, `created_at`, `updated_at`, `tipos_pessoa_id`) VALUES ('José Oliveira', NULL, 'jose.oliveira23@example.com', NOW(6), NOW(6), 1);
INSERT INTO `maidai`.`pessoas` (`nome`, `telefone`, `email`, `created_at`, `updated_at`, `tipos_pessoa_id`) VALUES ('Ana Souza', '(55) 9345-6789', NULL, NOW(6), NOW(6), 2);
INSERT INTO `maidai`.`pessoas` (`nome`, `telefone`, `email`, `created_at`, `updated_at`, `tipos_pessoa_id`) VALUES ('Antônio Rodrigues', '(55) 9456-7890', 'antonio.rodrigues78@example.com', NOW(6), NULL, 1);
INSERT INTO `maidai`.`pessoas` (`nome`, `telefone`, `email`, `created_at`, `updated_at`, `tipos_pessoa_id`) VALUES ('Francisca Ferreira', NULL, NULL, NOW(6), NOW(6), 2);
INSERT INTO `maidai`.`pessoas` (`nome`, `telefone`, `email`, `created_at`, `updated_at`, `tipos_pessoa_id`) VALUES ('Carlos Alves', '(55) 9567-8901', 'carlos.alves12@example.com', NOW(6), NOW(6), 1);
INSERT INTO `maidai`.`pessoas` (`nome`, `telefone`, `email`, `created_at`, `updated_at`, `tipos_pessoa_id`) VALUES ('Adriana Pereira', '(55) 9678-9012', 'adriana.pereira34@example.com', NOW(6), NULL, 2);
INSERT INTO `maidai`.`pessoas` (`nome`, `telefone`, `email`, `created_at`, `updated_at`, `tipos_pessoa_id`) VALUES ('Paulo Lima', '(55) 9789-0123', 'paulo.lima56@example.com', NOW(6), NOW(6), 1);
INSERT INTO `maidai`.`pessoas` (`nome`, `telefone`, `email`, `created_at`, `updated_at`, `tipos_pessoa_id`) VALUES ('Patrícia Costa', NULL, 'patricia.costa89@example.com', NOW(6), NOW(6), 2);
INSERT INTO `maidai`.`pessoas` (`nome`, `telefone`, `email`, `created_at`, `updated_at`, `tipos_pessoa_id`) VALUES ('Lucas Gomes', '(55) 9890-1234', 'lucas.gomes01@example.com', NOW(6), NULL, 1);
INSERT INTO `maidai`.`pessoas` (`nome`, `telefone`, `email`, `created_at`, `updated_at`, `tipos_pessoa_id`) VALUES ('Amanda Martins', '(55) 9012-3456', NULL, NOW(6), NOW(6), 2);
INSERT INTO `maidai`.`pessoas` (`nome`, `telefone`, `email`, `created_at`, `updated_at`, `tipos_pessoa_id`) VALUES ('Pedro Ribeiro', '(55) 9123-4567', 'pedro.ribeiro23@example.com', NOW(6), NOW(6), 1);
INSERT INTO `maidai`.`pessoas` (`nome`, `telefone`, `email`, `created_at`, `updated_at`, `tipos_pessoa_id`) VALUES ('Juliana Carvalho', NULL, 'juliana.carvalho45@example.com', NOW(6), NULL, 2);
INSERT INTO `maidai`.`pessoas` (`nome`, `telefone`, `email`, `created_at`, `updated_at`, `tipos_pessoa_id`) VALUES ('Marcos Araújo', '(55) 9234-5678', 'marcos.araújo67@example.com', NOW(6), NOW(6), 1);
INSERT INTO `maidai`.`pessoas` (`nome`, `telefone`, `email`, `created_at`, `updated_at`, `tipos_pessoa_id`) VALUES ('Fernanda Melo', '(55) 9345-6789', NULL, NOW(6), NOW(6), 2);
INSERT INTO `maidai`.`pessoas` (`nome`, `telefone`, `email`, `created_at`, `updated_at`, `tipos_pessoa_id`) VALUES ('Rafaela Cardoso', '(55) 9456-7890', 'rafaela.cardoso89@example.com', NOW(6), NULL, 1);
INSERT INTO `maidai`.`pessoas` (`nome`, `telefone`, `email`, `created_at`, `updated_at`, `tipos_pessoa_id`) VALUES ('Roberto Teixeira', NULL, 'roberto.teixeira01@example.com', NOW(6), NOW(6), 2);
INSERT INTO `maidai`.`pessoas` (`nome`, `telefone`, `email`, `created_at`, `updated_at`, `tipos_pessoa_id`) VALUES ('Gabriel Moreira', '(55) 9678-9012', 'gabriel.moreira23@example.com', NOW(6), NOW(6), 1);
INSERT INTO `maidai`.`pessoas` (`nome`, `telefone`, `email`, `created_at`, `updated_at`, `tipos_pessoa_id`) VALUES ('Beatriz Nascimento', '(55) 9789-0123', 'beatriz.nascimento45@example.com', NOW(6), NULL, 2);

-- Continuing with 180 more records following the same pattern...
-- [Records 21-40]
INSERT INTO `maidai`.`pessoas` (`nome`, `telefone`, `email`, `created_at`, `updated_at`, `tipos_pessoa_id`) VALUES ('Ricardo Fernandes', '(55) 9890-1234', 'ricardo.fernandes67@example.com', NOW(6), NOW(6), 1);
INSERT INTO `maidai`.`pessoas` (`nome`, `telefone`, `email`, `created_at`, `updated_at`, `tipos_pessoa_id`) VALUES ('Camila Rocha', NULL, NULL, NOW(6), NOW(6), 2);
INSERT INTO `maidai`.`pessoas` (`nome`, `telefone`, `email`, `created_at`, `updated_at`, `tipos_pessoa_id`) VALUES ('Gustavo Mendes', '(55) 9012-3456', 'gustavo.mendes89@example.com', NOW(6), NULL, 1);
INSERT INTO `maidai`.`pessoas` (`nome`, `telefone`, `email`, `created_at`, `updated_at`, `tipos_pessoa_id`) VALUES ('Isabela Castro', '(55) 9123-4567', 'isabela.castro01@example.com', NOW(6), NOW(6), 2);
INSERT INTO `maidai`.`pessoas` (`nome`, `telefone`, `email`, `created_at`, `updated_at`, `tipos_pessoa_id`) VALUES ('Felipe Duarte', NULL, 'felipe.duarte23@example.com', NOW(6), NOW(6), 1);
INSERT INTO `maidai`.`pessoas` (`nome`, `telefone`, `email`, `created_at`, `updated_at`, `tipos_pessoa_id`) VALUES ('Larissa Pires', '(55) 9345-6789', NULL, NOW(6), NULL, 2);
INSERT INTO `maidai`.`pessoas` (`nome`, `telefone`, `email`, `created_at`, `updated_at`, `tipos_pessoa_id`) VALUES ('Daniel Monteiro', '(55) 9456-7890', 'daniel.monteiro45@example.com', NOW(6), NOW(6), 1);
INSERT INTO `maidai`.`pessoas` (`nome`, `telefone`, `email`, `created_at`, `updated_at`, `tipos_pessoa_id`) VALUES ('Vanessa Lopes', '(55) 9567-8901', 'vanessa.lopes67@example.com', NOW(6), NOW(6), 2);
INSERT INTO `maidai`.`pessoas` (`nome`, `telefone`, `email`, `created_at`, `updated_at`, `tipos_pessoa_id`) VALUES ('Eduardo Barbosa', NULL, 'eduardo.barbosa89@example.com', NOW(6), NULL, 1);
INSERT INTO `maidai`.`pessoas` (`nome`, `telefone`, `email`, `created_at`, `updated_at`, `tipos_pessoa_id`) VALUES ('Tatiane Dias', '(55) 9789-0123', NULL, NOW(6), NOW(6), 2);
INSERT INTO `maidai`.`pessoas` (`nome`, `telefone`, `email`, `created_at`, `updated_at`, `tipos_pessoa_id`) VALUES ('Marcelo Xavier', '(55) 9890-1234', 'marcelo.xavier01@example.com', NOW(6), NOW(6), 1);
INSERT INTO `maidai`.`pessoas` (`nome`, `telefone`, `email`, `created_at`, `updated_at`, `tipos_pessoa_id`) VALUES ('Priscila Andrade', NULL, 'priscila.andrade23@example.com', NOW(6), NULL, 2);
INSERT INTO `maidai`.`pessoas` (`nome`, `telefone`, `email`, `created_at`, `updated_at`, `tipos_pessoa_id`) VALUES ('Rodrigo Fonseca', '(55) 9012-3456', 'rodrigo.fonseca45@example.com', NOW(6), NOW(6), 1);
INSERT INTO `maidai`.`pessoas` (`nome`, `telefone`, `email`, `created_at`, `updated_at`, `tipos_pessoa_id`) VALUES ('Simone Tavares', '(55) 9123-4567', NULL, NOW(6), NOW(6), 2);
INSERT INTO `maidai`.`pessoas` (`nome`, `telefone`, `email`, `created_at`, `updated_at`, `tipos_pessoa_id`) VALUES ('Alexandre Cunha', '(55) 9234-5678', 'alexandre.cunha67@example.com', NOW(6), NULL, 1);
INSERT INTO `maidai`.`pessoas` (`nome`, `telefone`, `email`, `created_at`, `updated_at`, `tipos_pessoa_id`) VALUES ('Renata Miranda', NULL, 'renata.miranda89@example.com', NOW(6), NOW(6), 2);
INSERT INTO `maidai`.`pessoas` (`nome`, `telefone`, `email`, `created_at`, `updated_at`, `tipos_pessoa_id`) VALUES ('Bruno Peixoto', '(55) 9456-7890', 'bruno.peixoto01@example.com', NOW(6), NOW(6), 1);
INSERT INTO `maidai`.`pessoas` (`nome`, `telefone`, `email`, `created_at`, `updated_at`, `tipos_pessoa_id`) VALUES ('Cristiane Rezende', '(55) 9567-8901', NULL, NOW(6), NULL, 2);
INSERT INTO `maidai`.`pessoas` (`nome`, `telefone`, `email`, `created_at`, `updated_at`, `tipos_pessoa_id`) VALUES ('Leandro Vasconcelos', NULL, 'leandro.vasconcelos23@example.com', NOW(6), NOW(6), 1);
INSERT INTO `maidai`.`pessoas` (`nome`, `telefone`, `email`, `created_at`, `updated_at`, `tipos_pessoa_id`) VALUES ('Viviane Brito', '(55) 9789-0123', 'viviane.brito45@example.com', NOW(6), NOW(6), 2);


-- 40 INSERT statements for maidai.ppg table
INSERT INTO `maidai`.`ppg` (`nome`, `created_at`, `updated_at`) VALUES ('Programa de Pós-Graduação em Ciência da Computação', NOW(6), NOW(6));
INSERT INTO `maidai`.`ppg` (`nome`, `created_at`, `updated_at`) VALUES ('Programa de Pós-Graduação em Engenharia Elétrica', NOW(6), NULL);
INSERT INTO `maidai`.`ppg` (`nome`, `created_at`, `updated_at`) VALUES ('Programa de Pós-Graduação em Biotecnologia', NOW(6), NOW(6));
INSERT INTO `maidai`.`ppg` (`nome`, `created_at`, `updated_at`) VALUES ('Programa de Pós-Graduação em Direito', NOW(6), NULL);
INSERT INTO `maidai`.`ppg` (`nome`, `created_at`, `updated_at`) VALUES ('Programa de Pós-Graduação em Economia', NOW(6), NOW(6));
INSERT INTO `maidai`.`ppg` (`nome`, `created_at`, `updated_at`) VALUES ('Programa de Pós-Graduação em Educação', NOW(6), NULL);
INSERT INTO `maidai`.`ppg` (`nome`, `created_at`, `updated_at`) VALUES ('Programa de Pós-Graduação em Engenharia Civil', NOW(6), NOW(6));
INSERT INTO `maidai`.`ppg` (`nome`, `created_at`, `updated_at`) VALUES ('Programa de Pós-Graduação em Física', NOW(6), NULL);
INSERT INTO `maidai`.`ppg` (`nome`, `created_at`, `updated_at`) VALUES ('Programa de Pós-Graduação em Química', NOW(6), NOW(6));
INSERT INTO `maidai`.`ppg` (`nome`, `created_at`, `updated_at`) VALUES ('Programa de Pós-Graduação em Administração', NOW(6), NULL);

INSERT INTO `maidai`.`ppg` (`nome`, `created_at`, `updated_at`) VALUES ('Programa de Pós-Graduação em Medicina', NOW(6), NOW(6));
INSERT INTO `maidai`.`ppg` (`nome`, `created_at`, `updated_at`) VALUES ('Programa de Pós-Graduação em Psicologia', NOW(6), NULL);
INSERT INTO `maidai`.`ppg` (`nome`, `created_at`, `updated_at`) VALUES ('Programa de Pós-Graduação em Arquitetura', NOW(6), NOW(6));
INSERT INTO `maidai`.`ppg` (`nome`, `created_at`, `updated_at`) VALUES ('Programa de Pós-Graduação em Matemática', NOW(6), NULL);
INSERT INTO `maidai`.`ppg` (`nome`, `created_at`, `updated_at`) VALUES ('Programa de Pós-Graduação em História', NOW(6), NOW(6));
INSERT INTO `maidai`.`ppg` (`nome`, `created_at`, `updated_at`) VALUES ('Programa de Pós-Graduação em Filosofia', NOW(6), NULL);
INSERT INTO `maidai`.`ppg` (`nome`, `created_at`, `updated_at`) VALUES ('Programa de Pós-Graduação em Letras', NOW(6), NOW(6));
INSERT INTO `maidai`.`ppg` (`nome`, `created_at`, `updated_at`) VALUES ('Programa de Pós-Graduação em Engenharia Mecânica', NOW(6), NULL);
INSERT INTO `maidai`.`ppg` (`nome`, `created_at`, `updated_at`) VALUES ('Programa de Pós-Graduação em Nutrição', NOW(6), NOW(6));
INSERT INTO `maidai`.`ppg` (`nome`, `created_at`, `updated_at`) VALUES ('Programa de Pós-Graduação em Geografia', NOW(6), NULL);

INSERT INTO `maidai`.`ppg` (`nome`, `created_at`, `updated_at`) VALUES ('Programa de Pós-Graduação em Ciências Biológicas', NOW(6), NOW(6));
INSERT INTO `maidai`.`ppg` (`nome`, `created_at`, `updated_at`) VALUES ('Programa de Pós-Graduação em Engenharia Química', NOW(6), NULL);
INSERT INTO `maidai`.`ppg` (`nome`, `created_at`, `updated_at`) VALUES ('Programa de Pós-Graduação em Ciências Sociais', NOW(6), NOW(6));
INSERT INTO `maidai`.`ppg` (`nome`, `created_at`, `updated_at`) VALUES ('Programa de Pós-Graduação em Farmácia', NOW(6), NULL);
INSERT INTO `maidai`.`ppg` (`nome`, `created_at`, `updated_at`) VALUES ('Programa de Pós-Graduação em Oceanografia', NOW(6), NOW(6));
INSERT INTO `maidai`.`ppg` (`nome`, `created_at`, `updated_at`) VALUES ('Programa de Pós-Graduação em Engenharia de Produção', NOW(6), NULL);
INSERT INTO `maidai`.`ppg` (`nome`, `created_at`, `updated_at`) VALUES ('Programa de Pós-Graduação em Música', NOW(6), NOW(6));
INSERT INTO `maidai`.`ppg` (`nome`, `created_at`, `updated_at`) VALUES ('Programa de Pós-Graduação em Comunicação', NOW(6), NULL);
INSERT INTO `maidai`.`ppg` (`nome`, `created_at`, `updated_at`) VALUES ('Programa de Pós-Graduação em Ciências Ambientais', NOW(6), NOW(6));
INSERT INTO `maidai`.`ppg` (`nome`, `created_at`, `updated_at`) VALUES ('Programa de Pós-Graduação em Engenharia de Materiais', NOW(6), NULL);

INSERT INTO `maidai`.`ppg` (`nome`, `created_at`, `updated_at`) VALUES ('Programa de Pós-Graduação em Ciências Contábeis', NOW(6), NOW(6));
INSERT INTO `maidai`.`ppg` (`nome`, `created_at`, `updated_at`) VALUES ('Programa de Pós-Graduação em Relações Internacionais', NOW(6), NULL);
INSERT INTO `maidai`.`ppg` (`nome`, `created_at`, `updated_at`) VALUES ('Programa de Pós-Graduação em Design', NOW(6), NOW(6));
INSERT INTO `maidai`.`ppg` (`nome`, `created_at`, `updated_at`) VALUES ('Programa de Pós-Graduação em Engenharia Biomédica', NOW(6), NULL);
INSERT INTO `maidai`.`ppg` (`nome`, `created_at`, `updated_at`) VALUES ('Programa de Pós-Graduação em Ciências da Saúde', NOW(6), NOW(6));
INSERT INTO `maidai`.`ppg` (`nome`, `created_at`, `updated_at`) VALUES ('Programa de Pós-Graduação em Engenharia de Alimentos', NOW(6), NULL);
INSERT INTO `maidai`.`ppg` (`nome`, `created_at`, `updated_at`) VALUES ('Programa de Pós-Graduação em Antropologia', NOW(6), NOW(6));
INSERT INTO `maidai`.`ppg` (`nome`, `created_at`, `updated_at`) VALUES ('Programa de Pós-Graduação em Engenharia Nuclear', NOW(6), NULL);
INSERT INTO `maidai`.`ppg` (`nome`, `created_at`, `updated_at`) VALUES ('Programa de Pós-Graduação em Ciências do Esporte', NOW(6), NOW(6));
INSERT INTO `maidai`.`ppg` (`nome`, `created_at`, `updated_at`) VALUES ('Programa de Pós-Graduação em Engenharia Aeroespacial', NOW(6), NULL);

-- First 20 orientadores (using pessoas_id 1-20 where tipos_pessoa_id = 1)
INSERT INTO `maidai`.`orientadores` (`pessoas_id`, `ppg_id`) VALUES (1, 5);
INSERT INTO `maidai`.`orientadores` (`pessoas_id`, `ppg_id`) VALUES (3, 12);
INSERT INTO `maidai`.`orientadores` (`pessoas_id`, `ppg_id`) VALUES (5, 8);
INSERT INTO `maidai`.`orientadores` (`pessoas_id`, `ppg_id`) VALUES (7, 3);
INSERT INTO `maidai`.`orientadores` (`pessoas_id`, `ppg_id`) VALUES (9, 17);
INSERT INTO `maidai`.`orientadores` (`pessoas_id`, `ppg_id`) VALUES (11, 9);
INSERT INTO `maidai`.`orientadores` (`pessoas_id`, `ppg_id`) VALUES (13, 2);
INSERT INTO `maidai`.`orientadores` (`pessoas_id`, `ppg_id`) VALUES (15, 14);
INSERT INTO `maidai`.`orientadores` (`pessoas_id`, `ppg_id`) VALUES (17, 6);
INSERT INTO `maidai`.`orientadores` (`pessoas_id`, `ppg_id`) VALUES (19, 11);

-- Next 10 orientadores (using pessoas_id 21-40 where tipos_pessoa_id = 1)
INSERT INTO `maidai`.`orientadores` (`pessoas_id`, `ppg_id`) VALUES (21, 7);
INSERT INTO `maidai`.`orientadores` (`pessoas_id`, `ppg_id`) VALUES (23, 15);
INSERT INTO `maidai`.`orientadores` (`pessoas_id`, `ppg_id`) VALUES (25, 4);
INSERT INTO `maidai`.`orientadores` (`pessoas_id`, `ppg_id`) VALUES (27, 19);
INSERT INTO `maidai`.`orientadores` (`pessoas_id`, `ppg_id`) VALUES (29, 10);
INSERT INTO `maidai`.`orientadores` (`pessoas_id`, `ppg_id`) VALUES (31, 1);
INSERT INTO `maidai`.`orientadores` (`pessoas_id`, `ppg_id`) VALUES (33, 16);
INSERT INTO `maidai`.`orientadores` (`pessoas_id`, `ppg_id`) VALUES (35, 20);
INSERT INTO `maidai`.`orientadores` (`pessoas_id`, `ppg_id`) VALUES (37, 13);
INSERT INTO `maidai`.`orientadores` (`pessoas_id`, `ppg_id`) VALUES (39, 18);

-- These companies match exactly the empresas_id (1-20) referenced in:
-- The 30 projetos inserts I provided earlier
-- Each empresa has:
-- - Unique name (respecting UNIQUE constraint)
-- - Realistic tech/industry names
-- - created_at = current timestamp
-- - updated_at = NULL for ~50% of records

-- 20 companies that match the projetos references
INSERT INTO `maidai`.`empresas` (`nome`, `created_at`, `updated_at`) VALUES
('TechSolutions Brasil', NOW(6), NOW(6)),
('InovaTech Sistemas', NOW(6), NULL),
('GreenFuture Tecnologia', NOW(6), NOW(6)),
('DataMind Analytics', NOW(6), NULL),
('CloudNine Hosting', NOW(6), NOW(6)),
('AgroDigital Solutions', NOW(6), NULL),
('UrbanMobility Labs', NOW(6), NOW(6)),
('EcoPower Energia', NOW(6), NULL),
('TravelConnect Turismo', NOW(6), NOW(6)),
('EduTech Inovação', NOW(6), NULL),
('EnviroMonitor Systems', NOW(6), NOW(6)),
('FinanSmart Consultoria', NOW(6), NULL),
('RecrutaPlus RH', NOW(6), NOW(6)),
('LogiFaster Transportes', NOW(6), NULL),
('HealthCare Systems', NOW(6), NOW(6)),
('AR Education Labs', NOW(6), NULL),
('SocialFund Plataformas', NOW(6), NOW(6)),
('HomeSecure Tecnologia', NOW(6), NULL),
('ProManage Solutions', NOW(6), NOW(6)),
('MindBalance Apps', NOW(6), NULL);

-- 30 projects with orientador/coorientador assignments
INSERT INTO `maidai`.`projetos` (`nome`, `inicio`, `fim`, `created_at`, `updated_at`, `empresas_id`, `orientador`, `coorientador`) VALUES
('Sistema de Gestão Escolar Inteligente', '2023-01-15', '2023-12-20', NOW(6), NULL, 1, 1, 3),
('Plataforma de E-commerce Sustentável', '2023-02-01', '2023-11-30', NOW(6), NOW(6), 2, 3, 5),
('Aplicativo de Monitoramento de Saúde', '2023-03-10', '2024-02-15', NOW(6), NULL, 3, 5, 7),
('Sistema de Controle de Estoque Automatizado', '2023-04-05', '2023-10-31', NOW(6), NOW(6), 4, 7, 9),
('Plataforma de Ensino a Distância', '2023-05-20', '2024-05-19', NOW(6), NULL, 5, 9, 11),
('Solução IoT para Agricultura', '2023-06-15', '2024-01-30', NOW(6), NOW(6), 6, 11, 13),
('Aplicativo de Mobilidade Urbana', '2023-07-01', '2023-12-15', NOW(6), NULL, 7, 13, 15),
('Sistema de Gestão de Energia', '2023-08-10', '2024-03-25', NOW(6), NOW(6), 8, 15, 17),
('Plataforma de Turismo Colaborativo', '2023-09-05', '2024-02-28', NOW(6), NULL, 9, 17, 19),
('Ferramenta de Análise de Dados Educacionais', '2023-10-01', '2024-06-30', NOW(6), NOW(6), 10, 19, 21),

('Sistema de Monitoramento Ambiental', '2023-11-15', '2024-05-20', NOW(6), NULL, 11, 21, 23),
('Aplicativo de Finanças Pessoais', '2023-12-01', '2024-04-15', NOW(6), NOW(6), 12, 23, 25),
('Plataforma de Recrutamento Digital', '2024-01-10', '2024-08-31', NOW(6), NULL, 13, 25, 27),
('Solução de Logística Inteligente', '2024-02-05', '2024-07-20', NOW(6), NOW(6), 14, 27, 29),
('Sistema de Gestão Hospitalar', '2024-03-15', '2024-09-30', NOW(6), NULL, 15, 29, 31),
('Aplicativo de Realidade Aumentada para Educação', '2024-04-01', '2024-10-15', NOW(6), NOW(6), 16, 31, 33),
('Plataforma de Crowdfunding', '2024-05-10', '2024-11-30', NOW(6), NULL, 17, 33, 35),
('Sistema de Segurança Residencial', '2024-06-05', '2024-12-20', NOW(6), NOW(6), 18, 35, 37),
('Ferramenta de Gestão de Projetos', '2024-07-15', '2025-01-31', NOW(6), NULL, 19, 37, 39),
('Aplicativo de Bem-Estar Mental', '2024-08-01', '2025-02-28', NOW(6), NOW(6), 20, 39, 1),

('Sistema de Controle de Acesso Biométrico', '2024-09-10', '2025-03-15', NOW(6), NULL, 1, 1, 5),
('Plataforma de Comércio Justo', '2024-10-05', '2025-04-30', NOW(6), NOW(6), 2, 3, 7),
('Aplicativo de Gestão de Tempo', '2024-11-15', '2025-05-20', NOW(6), NULL, 3, 5, 9),
('Solução de Armazenamento em Nuvem', '2025-01-01', '2025-06-15', NOW(6), NOW(6), 4, 7, 11),
('Plataforma de Aprendizado de Máquina', '2025-02-10', '2025-08-31', NOW(6), NULL, 5, 9, 13),
('Sistema de Monitoramento de Tráfego', '2025-03-05', '2025-09-20', NOW(6), NOW(6), 6, 11, 15),
('Aplicativo de Turismo Acessível', '2025-04-15', '2025-10-31', NOW(6), NULL, 7, 13, 17),
('Solução de Blockchain para Votação', '2025-05-01', '2025-11-15', NOW(6), NOW(6), 8, 15, 19),
('Plataforma de Doações para ONGs', '2025-06-10', '2025-12-30', NOW(6), NULL, 9, 17, 21),
('Sistema de Gestão de Bibliotecas', '2025-07-05', '2026-01-20', NOW(6), NOW(6), 10, 19, 23);
